"","Subject"
"1",101
"2",102
"3",103
"4",104
"5",106
"6",107
"7",108
"8",110
"9",212
"10",214
"11",215
"12",216
"13",217
"14",218
"15",219
"16",320
"17",321
"18",323
"19",324
"20",325
"21",327
"22",328
"23",330
"24",331
"25",333
"26",334
"27",335
"28",336
"29",337
"30",338
"31",339
"32",340
"33",341
"34",342
"35",343
"36",344
"37",345
"38",346
"39",347
"40",348
"41",349
"42",350
"43",451
"44",453
"45",455
"46",457
"47",458
"48",459
"49",460
"50",462
"51",463
"52",464
"53",465
"54",467
"55",468
"56",469
"57",470
"58",502
"59",503
"60",571
"61",572
"62",573
"63",574
"64",577
"65",578
"66",581
"67",582
"68",584
"69",585
"70",586
"71",587
"72",588
"73",589
"74",591
"75",592
"76",593
"77",594
"78",595
"79",596
"80",597
"81",598
"82",604
"83",605
"84",606
"85",607
"86",608
"87",609
"88",610
"89",612
"90",613
"91",614
"92",615
"93",617
"94",618
"95",619
"96",620
"97",621
"98",622
"99",623
"100",624
"101",625
"102",626
"103",627
"104",629
"105",630
"106",631
"107",633
"108",634
